{"cameraMode":{"drawMode":0,"name":"Shaded","section":"Shading Mode"},"sceneLighting":false,"audioPlay":false,"sceneViewState":{"showFog":true,"showMaterialUpdate":true,"showSkybox":false,"showFlares":true,"showImageEffects":true,"showParticleSystems":true,"showVisualEffectGraphs":true,"m_FxEnabled":true},"in2DMode":false,"pivot":{"x":-0.003453493118286133,"y":0.3736366033554077,"z":-0.006906867027282715},"rotation":{"x":0.23113837838172913,"y":0.07725106179714203,"z":-0.01841432973742485,"w":0.9696767330169678},"size":2.8482604026794435,"orthographic":false}