{"cameraMode":{"drawMode":0,"name":"Shaded","section":"Shading Mode"},"sceneLighting":false,"audioPlay":false,"sceneViewState":{"showFog":true,"showMaterialUpdate":true,"showSkybox":false,"showFlares":true,"showImageEffects":true,"showParticleSystems":true,"showVisualEffectGraphs":true,"m_FxEnabled":true},"in2DMode":false,"pivot":{"x":-0.12483467161655426,"y":0.6443111300468445,"z":0.6281093955039978},"rotation":{"x":0.06444942951202393,"y":-0.01347251608967781,"z":0.0008700736216269434,"w":0.9978331923484802},"size":2.62601637840271,"orthographic":false}