{"cameraMode":{"drawMode":0,"name":"Shaded","section":"Shading Mode"},"sceneLighting":true,"audioPlay":false,"sceneViewState":{"showFog":true,"showMaterialUpdate":true,"showSkybox":true,"showFlares":true,"showImageEffects":true,"showParticleSystems":true},"in2DMode":false,"pivot":{"x":25.457807540893556,"y":-10.026290893554688,"z":74.72496032714844},"rotation":{"x":0.18385207653045655,"y":0.1059301495552063,"z":-0.019933605566620828,"w":0.977027952671051},"size":140.033935546875,"orthographic":false}